Mes,Ordem,Chale,Categoria,Reservas,Faturamento,Diarias,Diaria_Media,Pessoas,Ocupacao_Pct,RevPAR
2025-06,39,Mirante Luxo - 6,Mirante Luxo,12,14008.93,17,824.05,25,56.67,466.96
2025-06,41,Mirante Luxo - 8,Mirante Luxo,12,13105.48,14,936.11,24,46.67,436.85
2025-06,29,Mirante Premium 11,Mirante Premium,9,12985.07,13,998.85,18,43.33,432.84
2025-06,38,Mirante Luxo - 5,Mirante Luxo,11,12468.29,14,890.59,23,46.67,415.61
2025-06,40,Mirante Luxo - 7,Mirante Luxo,13,12392.76,14,885.2,27,46.67,413.09
2025-06,28,Mirante Premium 10,Mirante Premium,11,11494.35,13,884.18,25,43.33,383.15
2025-06,35,Mirante Luxo - 2,Mirante Luxo,10,10085.03,11,916.82,20,36.67,336.17
2025-06,30,Mirante Premium 12,Mirante Premium,8,8769.35,10,876.94,17,33.33,292.31
2025-06,34,Mirante Luxo - 1,Mirante Luxo,7,8213.63,9,912.63,16,30,273.79
2025-06,10,Chalé Master - Acerola,Chalé Master,11,7781.6,14,555.83,24,46.67,259.39
2025-06,25,Mirante Premium Black,Mirante Premium Black,7,7729.45,7,1104.21,14,23.33,257.65
2025-06,26,Mirante Premium White,Mirante Premium White,7,7500.63,7,1071.52,14,23.33,250.02
2025-06,31,Mirante Premium 13,Mirante Premium,7,7173.74,7,1024.82,13,23.33,239.12
2025-06,15,Chalé Master - Jabuticaba,Chalé Master,7,7058.02,12,588.17,15,40,235.27
2025-06,27,Mirante Premium 9,Mirante Premium,5,6894.33,6,1149.06,10,20,229.81
2025-06,23,Chalé Especial - Gravata,Chalé Especial,6,6854.79,6,1142.47,28,20,228.49
2025-06,37,Mirante Luxo - 4,Mirante Luxo,7,6455.14,7,922.16,14,23.33,215.17
2025-06,32,Mirante Premium 14,Mirante Premium,5,5271.85,5,1054.37,11,16.67,175.73
2025-06,36,Mirante Luxo - 3,Mirante Luxo,5,5263.98,6,877.33,10,20,175.47
2025-06,17,Chalé Master - Uva,Chalé Master,8,4880.68,11,443.7,16,36.67,162.69
2025-06,47,Lago - Loft,Lago,3,4499,4,1124.75,6,13.33,149.97
2025-06,24,Chalé Especial - Graviola,Chalé Especial,2,4277.39,3,1425.8,8,10,142.58
2025-06,1,Suíte - 1,Suíte,8,4086.58,9,454.06,16,30,136.22
2025-06,13,Chalé Master - Carambola,Chalé Master,5,4077.42,8,509.68,12,26.67,135.91
2025-06,11,Chalé Master - Araça,Chalé Master,5,4034.83,7,576.4,15,23.33,134.49
2025-06,20,Chalé Luxo - Caju,Chalé Luxo,5,3946.21,5,789.24,12,16.67,131.54
2025-06,22,Chalé Luxo - Pequi,Chalé Luxo,4,3292.89,5,658.58,9,16.67,109.76
2025-06,42,Lago - 1,Lago,3,2982,6,497,9,20,99.4
2025-06,16,Chalé Master - Manga,Chalé Master,7,2792.71,7,398.96,16,23.33,93.09
2025-06,5,Suíte - 7,Suíte,4,2497.75,4,624.44,8,13.33,83.26
2025-06,2,Suíte - 3,Suíte,3,2349.65,3,783.22,6,10,78.32
2025-06,19,Chalé Master - Vovo 2,Chalé Master - Vovo,5,2334.58,5,466.92,11,16.67,77.82
2025-06,7,Suíte - 9,Suíte,4,2030.29,4,507.57,8,13.33,67.68
2025-06,48,Chalé da Mata,Chalé da Mata,1,1976,1,1976,4,3.33,65.87
2025-06,6,Suíte - 8,Suíte,4,1736.94,4,434.24,8,13.33,57.9
2025-06,44,Lago - 3,Lago,3,1702,3,567.33,6,10,56.73
2025-06,18,Chalé Master - Vovo 1,Chalé Master - Vovo,2,1681.5,2,840.75,5,6.67,56.05
2025-06,21,Chalé Luxo - Mangaba,Chalé Luxo,3,1674.33,3,558.11,6,10,55.81
2025-06,12,Chalé Master - Cajá,Chalé Master,3,1645.65,3,548.55,6,10,54.86
2025-06,8,Suíte - 10,Suíte,2,1214.65,2,607.33,4,6.67,40.49
2025-06,33,Chalê Premium,Chalê Premium,1,1194.3,1,1194.3,2,3.33,39.81
2025-06,14,Chalé Master - Goiaba,Chalé Master,3,1142.03,3,380.68,6,10,38.07
2025-06,4,Suíte - 6,Suíte,2,1077.21,2,538.61,4,6.67,35.91
2025-06,9,Suíte - 11,Suíte,1,573.85,1,573.85,2,3.33,19.13
2025-06,3,Suíte - 5,Suíte,0,0,0,0,0,0,0
2025-06,43,Lago - 2,Lago,0,0,0,0,0,0,0
2025-06,45,Lago - 4,Lago,0,0,0,0,0,0,0
2025-06,46,Lago - 5,Lago,0,0,0,0,0,0,0
2025-07,40,Mirante Luxo - 7,Mirante Luxo,17,16813.04,22,764.23,39,70.97,542.36
2025-07,38,Mirante Luxo - 5,Mirante Luxo,18,15291.51,20,764.58,37,64.52,493.27
2025-07,39,Mirante Luxo - 6,Mirante Luxo,15,14600.3,20,730.02,30,64.52,470.98
2025-07,23,Chalé Especial - Gravata,Chalé Especial,11,13397.36,14,956.95,41,45.16,432.17
2025-07,29,Mirante Premium 11,Mirante Premium,11,12586.09,16,786.63,22,51.61,406
2025-07,35,Mirante Luxo - 2,Mirante Luxo,12,11621.06,15,774.74,26,48.39,374.87
2025-07,41,Mirante Luxo - 8,Mirante Luxo,11,11405.72,17,670.92,27,54.84,367.93
2025-07,24,Chalé Especial - Graviola,Chalé Especial,8,11373.23,13,874.86,34,41.94,366.88
2025-07,34,Mirante Luxo - 1,Mirante Luxo,12,10398.54,13,799.89,26,41.94,335.44
2025-07,30,Mirante Premium 12,Mirante Premium,10,10095.58,14,721.11,19,45.16,325.66
2025-07,36,Mirante Luxo - 3,Mirante Luxo,8,8535.25,10,853.53,17,32.26,275.33
2025-07,13,Chalé Master - Carambola,Chalé Master,11,7864.84,18,436.94,24,58.06,253.7
2025-07,37,Mirante Luxo - 4,Mirante Luxo,8,7669.43,8,958.68,17,25.81,247.4
2025-07,22,Chalé Luxo - Pequi,Chalé Luxo,8,7602.91,15,506.86,20,48.39,245.26
2025-07,31,Mirante Premium 13,Mirante Premium,8,7448.87,9,827.65,16,29.03,240.29
2025-07,14,Chalé Master - Goiaba,Chalé Master,11,7043.2,14,503.09,28,45.16,227.2
2025-07,20,Chalé Luxo - Caju,Chalé Luxo,8,7023.03,11,638.46,18,35.48,226.55
2025-07,21,Chalé Luxo - Mangaba,Chalé Luxo,7,7010.82,12,584.24,14,38.71,226.16
2025-07,15,Chalé Master - Jabuticaba,Chalé Master,12,6949.89,14,496.42,29,45.16,224.19
2025-07,18,Chalé Master - Vovo 1,Chalé Master - Vovo,10,6794.93,12,566.24,23,38.71,219.19
2025-07,48,Chalé da Mata,Chalé da Mata,3,6573.99,5,1314.8,11,16.13,212.06
2025-07,10,Chalé Master - Acerola,Chalé Master,12,6484.16,13,498.78,27,41.94,209.17
2025-07,28,Mirante Premium 10,Mirante Premium,9,6407.54,9,711.95,18,29.03,206.69
2025-07,11,Chalé Master - Araça,Chalé Master,12,6136.5,17,360.97,23,54.84,197.95
2025-07,12,Chalé Master - Cajá,Chalé Master,8,5928.06,10,592.81,20,32.26,191.23
2025-07,27,Mirante Premium 9,Mirante Premium,6,5892.64,7,841.81,12,22.58,190.09
2025-07,16,Chalé Master - Manga,Chalé Master,13,5614.99,14,401.07,30,45.16,181.13
2025-07,32,Mirante Premium 14,Mirante Premium,5,5427.09,6,904.52,12,19.35,175.07
2025-07,25,Mirante Premium Black,Mirante Premium Black,4,4866,4,1216.5,8,12.9,156.97
2025-07,26,Mirante Premium White,Mirante Premium White,5,4492.96,5,898.59,10,16.13,144.93
2025-07,2,Suíte - 3,Suíte,8,4153.36,11,377.58,15,35.48,133.98
2025-07,19,Chalé Master - Vovo 2,Chalé Master - Vovo,9,4129.73,10,412.97,19,32.26,133.22
2025-07,44,Lago - 3,Lago,6,4112.65,7,587.52,12,22.58,132.67
2025-07,5,Suíte - 7,Suíte,8,3966.26,10,396.63,16,32.26,127.94
2025-07,33,Chalê Premium,Chalê Premium,4,3731.82,5,746.36,8,16.13,120.38
2025-07,17,Chalé Master - Uva,Chalé Master,11,3620.87,12,301.74,21,38.71,116.8
2025-07,42,Lago - 1,Lago,6,3560.25,6,593.38,15,19.35,114.85
2025-07,1,Suíte - 1,Suíte,9,3446.32,10,344.63,18,32.26,111.17
2025-07,7,Suíte - 9,Suíte,6,3421.93,7,488.85,11,22.58,110.38
2025-07,4,Suíte - 6,Suíte,6,2930.02,6,488.34,11,19.35,94.52
2025-07,6,Suíte - 8,Suíte,4,1904.59,4,476.15,8,12.9,61.44
2025-07,9,Suíte - 11,Suíte,2,993.01,2,496.51,4,6.45,32.03
2025-07,43,Lago - 2,Lago,1,682,1,682,2,3.23,22
2025-07,45,Lago - 4,Lago,1,682,1,682,2,3.23,22
2025-07,3,Suíte - 5,Suíte,1,645.15,1,645.15,2,3.23,20.81
2025-07,8,Suíte - 10,Suíte,1,449.36,1,449.36,2,3.23,14.5
2025-07,46,Lago - 5,Lago,0,0,0,0,0,0,0
2025-07,47,Lago - Loft,Lago,0,0,0,0,0,0,0
2025-08,40,Mirante Luxo - 7,Mirante Luxo,11,14668.02,19,772,24,61.29,473.16
2025-08,39,Mirante Luxo - 6,Mirante Luxo,12,10722.51,13,824.81,28,41.94,345.89
2025-08,29,Mirante Premium 11,Mirante Premium,10,9408.1,11,855.28,20,35.48,303.49
2025-08,41,Mirante Luxo - 8,Mirante Luxo,10,9377.93,13,721.38,23,41.94,302.51
2025-08,38,Mirante Luxo - 5,Mirante Luxo,10,9325.22,13,717.32,20,41.94,300.81
2025-08,28,Mirante Premium 10,Mirante Premium,11,8018.28,11,728.93,25,35.48,258.65
2025-08,22,Chalé Luxo - Pequi,Chalé Luxo,9,7001.47,11,636.5,21,35.48,225.85
2025-08,34,Mirante Luxo - 1,Mirante Luxo,5,6747.89,8,843.49,10,25.81,217.67
2025-08,31,Mirante Premium 13,Mirante Premium,7,6422.5,8,802.81,14,25.81,207.18
2025-08,30,Mirante Premium 12,Mirante Premium,6,6275.66,9,697.3,13,29.03,202.44
2025-08,35,Mirante Luxo - 2,Mirante Luxo,6,6223.8,8,777.98,12,25.81,200.77
2025-08,23,Chalé Especial - Gravata,Chalé Especial,6,6144.81,6,1024.14,24,19.35,198.22
2025-08,26,Mirante Premium White,Mirante Premium White,4,4721.2,6,786.87,8,19.35,152.3
2025-08,21,Chalé Luxo - Mangaba,Chalé Luxo,5,4204.59,6,700.77,12,19.35,135.63
2025-08,20,Chalé Luxo - Caju,Chalé Luxo,7,4107.19,7,586.74,14,22.58,132.49
2025-08,11,Chalé Master - Araça,Chalé Master,7,4006.24,7,572.32,15,22.58,129.23
2025-08,36,Mirante Luxo - 3,Mirante Luxo,4,3983.53,4,995.88,8,12.9,128.5
2025-08,16,Chalé Master - Manga,Chalé Master,10,3856.88,10,385.69,22,32.26,124.42
2025-08,37,Mirante Luxo - 4,Mirante Luxo,5,3828.77,5,765.75,10,16.13,123.51
2025-08,32,Mirante Premium 14,Mirante Premium,4,3591.29,5,718.26,8,16.13,115.85
2025-08,17,Chalé Master - Uva,Chalé Master,7,3441.72,8,430.22,14,25.81,111.02
2025-08,1,Suíte - 1,Suíte,6,3420.65,7,488.66,12,22.58,110.34
2025-08,27,Mirante Premium 9,Mirante Premium,4,3408.88,4,852.22,8,12.9,109.96
2025-08,25,Mirante Premium Black,Mirante Premium Black,4,3349.03,4,837.26,8,12.9,108.03
2025-08,13,Chalé Master - Carambola,Chalé Master,7,3295.2,7,470.74,13,22.58,106.3
2025-08,24,Chalé Especial - Graviola,Chalé Especial,3,3047,3,1015.67,8,9.68,98.29
2025-08,10,Chalé Master - Acerola,Chalé Master,5,2968.78,5,593.76,12,16.13,95.77
2025-08,12,Chalé Master - Cajá,Chalé Master,4,2949.9,5,589.98,9,16.13,95.16
2025-08,5,Suíte - 7,Suíte,5,2899.93,6,483.32,10,19.35,93.55
2025-08,15,Chalé Master - Jabuticaba,Chalé Master,6,2784.17,6,464.03,14,19.35,89.81
2025-08,43,Lago - 2,Lago,5,2726.4,6,454.4,9,19.35,87.95
2025-08,14,Chalé Master - Goiaba,Chalé Master,5,2523.51,5,504.7,12,16.13,81.4
2025-08,18,Chalé Master - Vovo 1,Chalé Master - Vovo,3,2449.7,4,612.43,8,12.9,79.02
2025-08,19,Chalé Master - Vovo 2,Chalé Master - Vovo,3,2403.09,4,600.77,7,12.9,77.52
2025-08,45,Lago - 4,Lago,1,2291.74,2,1145.87,3,6.45,73.93
2025-08,4,Suíte - 6,Suíte,5,2278.56,5,455.71,10,16.13,73.5
2025-08,44,Lago - 3,Lago,3,2182,4,545.5,6,12.9,70.39
2025-08,2,Suíte - 3,Suíte,4,2140.96,6,356.83,8,19.35,69.06
2025-08,47,Lago - Loft,Lago,1,2013,1,2013,4,3.23,64.94
2025-08,6,Suíte - 8,Suíte,6,1984.56,7,283.51,12,22.58,64.02
2025-08,8,Suíte - 10,Suíte,3,1397.32,3,465.77,6,9.68,45.07
2025-08,42,Lago - 1,Lago,3,1364,3,454.67,6,9.68,44
2025-08,9,Suíte - 11,Suíte,2,845.29,2,422.65,4,6.45,27.27
2025-08,33,Chalê Premium,Chalê Premium,1,820.8,2,410.4,2,6.45,26.48
2025-08,7,Suíte - 9,Suíte,1,520.6,1,520.6,2,3.23,16.79
2025-08,3,Suíte - 5,Suíte,1,149.85,1,149.85,2,3.23,4.83
2025-08,46,Lago - 5,Lago,0,0,0,0,0,0,0
2025-08,48,Chalé da Mata,Chalé da Mata,0,0,0,0,0,0,0
2025-09,30,Mirante Premium 12,Mirante Premium,6,12058.94,19,634.68,12,63.33,401.96
2025-09,40,Mirante Luxo - 7,Mirante Luxo,14,10896.29,16,681.02,30,53.33,363.21
2025-09,38,Mirante Luxo - 5,Mirante Luxo,9,9089.03,12,757.42,20,40,302.97
2025-09,39,Mirante Luxo - 6,Mirante Luxo,12,9051.28,14,646.52,27,46.67,301.71
2025-09,29,Mirante Premium 11,Mirante Premium,12,8487.06,13,652.85,23,43.33,282.9
2025-09,41,Mirante Luxo - 8,Mirante Luxo,8,7479.35,9,831.04,19,30,249.31
2025-09,28,Mirante Premium 10,Mirante Premium,7,6749.3,8,843.66,13,26.67,224.98
2025-09,23,Chalé Especial - Gravata,Chalé Especial,9,5986.68,9,665.19,36,30,199.56
2025-09,19,Chalé Master - Vovo 2,Chalé Master - Vovo,8,5486.87,9,609.65,19,30,182.9
2025-09,20,Chalé Luxo - Caju,Chalé Luxo,8,5449.19,10,544.92,17,33.33,181.64
2025-09,22,Chalé Luxo - Pequi,Chalé Luxo,6,5203.05,8,650.38,13,26.67,173.44
2025-09,25,Mirante Premium Black,Mirante Premium Black,4,4773.45,5,954.69,8,16.67,159.12
2025-09,14,Chalé Master - Goiaba,Chalé Master,8,4751.09,10,475.11,16,33.33,158.37
2025-09,27,Mirante Premium 9,Mirante Premium,7,4694.3,7,670.61,16,23.33,156.48
2025-09,1,Suíte - 1,Suíte,9,4428.05,12,369,17,40,147.6
2025-09,31,Mirante Premium 13,Mirante Premium,6,4405.64,7,629.38,12,23.33,146.85
2025-09,34,Mirante Luxo - 1,Mirante Luxo,5,4349.32,5,869.86,10,16.67,144.98
2025-09,13,Chalé Master - Carambola,Chalé Master,8,4309.62,11,391.78,17,36.67,143.65
2025-09,24,Chalé Especial - Graviola,Chalé Especial,4,4167.27,5,833.45,15,16.67,138.91
2025-09,12,Chalé Master - Cajá,Chalé Master,8,3988.34,9,443.15,18,30,132.94
2025-09,35,Mirante Luxo - 2,Mirante Luxo,4,3790.45,4,947.61,8,13.33,126.35
2025-09,15,Chalé Master - Jabuticaba,Chalé Master,8,3789.19,10,378.92,18,33.33,126.31
2025-09,16,Chalé Master - Manga,Chalé Master,9,3777.8,9,419.76,19,30,125.93
2025-09,11,Chalé Master - Araça,Chalé Master,8,3731.23,9,414.58,18,30,124.37
2025-09,32,Mirante Premium 14,Mirante Premium,4,3703.2,4,925.8,8,13.33,123.44
2025-09,37,Mirante Luxo - 4,Mirante Luxo,4,3697.46,4,924.37,8,13.33,123.25
2025-09,18,Chalé Master - Vovo 1,Chalé Master - Vovo,6,3687.88,9,409.76,12,30,122.93
2025-09,33,Chalê Premium,Chalê Premium,4,3624.18,5,724.84,8,16.67,120.81
2025-09,10,Chalé Master - Acerola,Chalé Master,6,3544.53,9,393.84,13,30,118.15
2025-09,2,Suíte - 3,Suíte,6,3144.7,8,393.09,12,26.67,104.82
2025-09,36,Mirante Luxo - 3,Mirante Luxo,4,3117.83,4,779.46,8,13.33,103.93
2025-09,26,Mirante Premium White,Mirante Premium White,3,3001.25,4,750.31,6,13.33,100.04
2025-09,47,Lago - Loft,Lago,1,2992,1,2992,4,3.33,99.73
2025-09,17,Chalé Master - Uva,Chalé Master,6,2839.05,7,405.58,12,23.33,94.64
2025-09,5,Suíte - 7,Suíte,6,2735.47,7,390.78,12,23.33,91.18
2025-09,45,Lago - 4,Lago,4,2470.66,5,494.13,8,16.67,82.36
2025-09,21,Chalé Luxo - Mangaba,Chalé Luxo,6,2447.29,6,407.88,13,20,81.58
2025-09,44,Lago - 3,Lago,5,2423.02,5,484.6,10,16.67,80.77
2025-09,43,Lago - 2,Lago,4,2353.34,5,470.67,8,16.67,78.44
2025-09,42,Lago - 1,Lago,5,2119.08,5,423.82,10,16.67,70.64
2025-09,7,Suíte - 9,Suíte,5,1901.15,5,380.23,10,16.67,63.37
2025-09,8,Suíte - 10,Suíte,4,1632.33,5,326.47,8,16.67,54.41
2025-09,6,Suíte - 8,Suíte,4,1564.93,4,391.23,7,13.33,52.16
2025-09,4,Suíte - 6,Suíte,3,1370.25,3,456.75,6,10,45.68
2025-09,9,Suíte - 11,Suíte,2,1031.02,3,343.67,4,10,34.37
2025-09,3,Suíte - 5,Suíte,0,0,0,0,0,0,0
2025-09,46,Lago - 5,Lago,0,0,0,0,0,0,0
2025-09,48,Chalé da Mata,Chalé da Mata,0,0,0,0,0,0,0
2025-10,39,Mirante Luxo - 6,Mirante Luxo,17,15448.59,21,735.65,37,67.74,498.34
2025-10,38,Mirante Luxo - 5,Mirante Luxo,15,13319.51,19,701.03,31,61.29,429.66
2025-10,40,Mirante Luxo - 7,Mirante Luxo,15,12626.08,20,631.3,33,64.52,407.29
2025-10,41,Mirante Luxo - 8,Mirante Luxo,15,12387.47,17,728.67,34,54.84,399.6
2025-10,30,Mirante Premium 12,Mirante Premium,10,10872.77,15,724.85,20,48.39,350.73
2025-10,34,Mirante Luxo - 1,Mirante Luxo,10,10381.99,15,692.13,20,48.39,334.9
2025-10,35,Mirante Luxo - 2,Mirante Luxo,9,8658.8,12,721.57,19,38.71,279.32
2025-10,23,Chalé Especial - Gravata,Chalé Especial,9,8170.3,10,817.03,36,32.26,263.56
2025-10,11,Chalé Master - Araça,Chalé Master,16,7765.63,20,388.28,38,64.52,250.5
2025-10,33,Chalê Premium,Chalê Premium,7,7496.66,9,832.96,14,29.03,241.83
2025-10,10,Chalé Master - Acerola,Chalé Master,12,7471.41,17,439.49,26,54.84,241.01
2025-10,29,Mirante Premium 11,Mirante Premium,11,7261.63,11,660.15,24,35.48,234.25
2025-10,28,Mirante Premium 10,Mirante Premium,7,7065.78,9,785.09,14,29.03,227.93
2025-10,36,Mirante Luxo - 3,Mirante Luxo,5,6670.81,6,1111.8,12,19.35,215.19
2025-10,20,Chalé Luxo - Caju,Chalé Luxo,7,6602.92,9,733.66,16,29.03,213
2025-10,15,Chalé Master - Jabuticaba,Chalé Master,12,6524.18,15,434.95,28,48.39,210.46
2025-10,24,Chalé Especial - Graviola,Chalé Especial,9,6386.78,9,709.64,34,29.03,206.03
2025-10,31,Mirante Premium 13,Mirante Premium,9,6126.61,10,612.66,19,32.26,197.63
2025-10,18,Chalé Master - Vovo 1,Chalé Master - Vovo,11,6107.7,13,469.82,22,41.94,197.02
2025-10,37,Mirante Luxo - 4,Mirante Luxo,8,6009.14,8,751.14,16,25.81,193.84
2025-10,32,Mirante Premium 14,Mirante Premium,8,5986.82,9,665.2,16,29.03,193.12
2025-10,16,Chalé Master - Manga,Chalé Master,15,5852.95,15,390.2,31,48.39,188.8
2025-10,27,Mirante Premium 9,Mirante Premium,8,5568.76,9,618.75,17,29.03,179.64
2025-10,14,Chalé Master - Goiaba,Chalé Master,9,5347.6,11,486.15,19,35.48,172.5
2025-10,6,Suíte - 8,Suíte,8,5204.81,13,400.37,15,41.94,167.9
2025-10,17,Chalé Master - Uva,Chalé Master,13,5036.33,14,359.74,24,45.16,162.46
2025-10,45,Lago - 4,Lago,8,4642.88,12,386.91,16,38.71,149.77
2025-10,21,Chalé Luxo - Mangaba,Chalé Luxo,6,4592.12,6,765.35,14,19.35,148.13
2025-10,25,Mirante Premium Black,Mirante Premium Black,5,4511.44,5,902.29,10,16.13,145.53
2025-10,13,Chalé Master - Carambola,Chalé Master,8,4333.13,9,481.46,16,29.03,139.78
2025-10,22,Chalé Luxo - Pequi,Chalé Luxo,8,4327.74,10,432.77,17,32.26,139.6
2025-10,44,Lago - 3,Lago,8,4055.79,12,337.98,16,38.71,130.83
2025-10,12,Chalé Master - Cajá,Chalé Master,8,4000.88,10,400.09,17,32.26,129.06
2025-10,26,Mirante Premium White,Mirante Premium White,5,3977.44,5,795.49,10,16.13,128.3
2025-10,19,Chalé Master - Vovo 2,Chalé Master - Vovo,9,3895.56,10,389.56,20,32.26,125.66
2025-10,5,Suíte - 7,Suíte,9,3082.33,10,308.23,17,32.26,99.43
2025-10,4,Suíte - 6,Suíte,7,2991.17,7,427.31,14,22.58,96.49
2025-10,46,Lago - 5,Lago,7,2810.57,8,351.32,14,25.81,90.66
2025-10,42,Lago - 1,Lago,7,2743.68,8,342.96,14,25.81,88.51
2025-10,7,Suíte - 9,Suíte,6,2284.74,6,380.79,12,19.35,73.7
2025-10,43,Lago - 2,Lago,6,2126.29,6,354.38,12,19.35,68.59
2025-10,2,Suíte - 3,Suíte,6,2101.06,6,350.18,12,19.35,67.78
2025-10,1,Suíte - 1,Suíte,6,2086.56,6,347.76,12,19.35,67.31
2025-10,9,Suíte - 11,Suíte,4,1463.68,4,365.92,7,12.9,47.22
2025-10,3,Suíte - 5,Suíte,0,0,0,0,0,0,0
2025-10,8,Suíte - 10,Suíte,0,0,0,0,0,0,0
2025-10,47,Lago - Loft,Lago,0,0,0,0,0,0,0
2025-10,48,Chalé da Mata,Chalé da Mata,0,0,0,0,0,0,0
2025-11,40,Mirante Luxo - 7,Mirante Luxo,16,14810.94,23,643.95,33,76.67,493.7
2025-11,39,Mirante Luxo - 6,Mirante Luxo,17,14100.57,21,671.46,35,70,470.02
2025-11,41,Mirante Luxo - 8,Mirante Luxo,12,13704.08,17,806.12,24,56.67,456.8
2025-11,38,Mirante Luxo - 5,Mirante Luxo,18,12910.69,20,645.53,38,66.67,430.36
2025-11,30,Mirante Premium 12,Mirante Premium,13,12800.45,18,711.14,27,60,426.68
2025-11,35,Mirante Luxo - 2,Mirante Luxo,10,11133.12,15,742.21,22,50,371.1
2025-11,23,Chalé Especial - Gravata,Chalé Especial,8,9031.23,15,602.08,35,50,301.04
2025-11,36,Mirante Luxo - 3,Mirante Luxo,7,8990.57,11,817.32,15,36.67,299.69
2025-11,31,Mirante Premium 13,Mirante Premium,9,8198.2,11,745.29,19,36.67,273.27
2025-11,37,Mirante Luxo - 4,Mirante Luxo,8,7888.99,11,717.18,15,36.67,262.97
2025-11,10,Chalé Master - Acerola,Chalé Master,12,7714.8,17,453.81,28,56.67,257.16
2025-11,29,Mirante Premium 11,Mirante Premium,9,7546.5,12,628.88,17,40,251.55
2025-11,34,Mirante Luxo - 1,Mirante Luxo,9,6985.57,11,635.05,19,36.67,232.85
2025-11,33,Chalê Premium,Chalê Premium,8,6530.27,10,653.03,17,33.33,217.68
2025-11,16,Chalé Master - Manga,Chalé Master,10,6189.51,15,412.63,23,50,206.32
2025-11,11,Chalé Master - Araça,Chalé Master,11,5960.35,14,425.74,26,46.67,198.68
2025-11,15,Chalé Master - Jabuticaba,Chalé Master,10,5867.36,13,451.34,22,43.33,195.58
2025-11,25,Mirante Premium Black,Mirante Premium Black,9,5835.33,9,648.37,18,30,194.51
2025-11,26,Mirante Premium White,Mirante Premium White,5,5754.77,7,822.11,10,23.33,191.83
2025-11,14,Chalé Master - Goiaba,Chalé Master,8,5691.6,11,517.42,16,36.67,189.72
2025-11,24,Chalé Especial - Graviola,Chalé Especial,5,5319.21,6,886.54,23,20,177.31
2025-11,28,Mirante Premium 10,Mirante Premium,6,5261.41,6,876.9,12,20,175.38
2025-11,32,Mirante Premium 14,Mirante Premium,7,5237.22,9,581.91,14,30,174.57
2025-11,27,Mirante Premium 9,Mirante Premium,6,5099.27,6,849.88,11,20,169.98
2025-11,20,Chalé Luxo - Caju,Chalé Luxo,7,5071.81,9,563.53,17,30,169.06
2025-11,22,Chalé Luxo - Pequi,Chalé Luxo,10,5012.1,11,455.65,22,36.67,167.07
2025-11,42,Lago - 1,Lago,11,4568.18,12,380.68,22,40,152.27
2025-11,18,Chalé Master - Vovo 1,Chalé Master - Vovo,9,4554.14,10,455.41,20,33.33,151.8
2025-11,21,Chalé Luxo - Mangaba,Chalé Luxo,8,4488.83,9,498.76,16,30,149.63
2025-11,19,Chalé Master - Vovo 2,Chalé Master - Vovo,8,4201.95,10,420.2,17,33.33,140.07
2025-11,43,Lago - 2,Lago,7,4086.61,10,408.66,14,33.33,136.22
2025-11,13,Chalé Master - Carambola,Chalé Master,8,4050.12,10,405.01,20,33.33,135
2025-11,45,Lago - 4,Lago,8,3975.13,11,361.38,16,36.67,132.5
2025-11,44,Lago - 3,Lago,8,3854.35,11,350.4,16,36.67,128.48
2025-11,7,Suíte - 9,Suíte,7,3747.2,9,416.36,13,30,124.91
2025-11,1,Suíte - 1,Suíte,11,3602.89,11,327.54,22,36.67,120.1
2025-11,12,Chalé Master - Cajá,Chalé Master,7,3492.98,8,436.62,16,26.67,116.43
2025-11,17,Chalé Master - Uva,Chalé Master,8,3422.87,9,380.32,17,30,114.1
2025-11,8,Suíte - 10,Suíte,7,3197.45,8,399.68,14,26.67,106.58
2025-11,6,Suíte - 8,Suíte,7,3139.22,8,392.4,13,26.67,104.64
2025-11,2,Suíte - 3,Suíte,5,2898.38,7,414.05,10,23.33,96.61
2025-11,4,Suíte - 6,Suíte,6,2802.89,8,350.36,11,26.67,93.43
2025-11,9,Suíte - 11,Suíte,6,2721.22,8,340.15,11,26.67,90.71
2025-11,5,Suíte - 7,Suíte,4,2026.32,5,405.26,8,16.67,67.54
2025-11,46,Lago - 5,Lago,1,373.62,1,373.62,2,3.33,12.45
2025-11,3,Suíte - 5,Suíte,0,0,0,0,0,0,0
2025-11,47,Lago - Loft,Lago,0,0,0,0,0,0,0
2025-11,48,Chalé da Mata,Chalé da Mata,0,0,0,0,0,0,0
2025-12,23,Chalé Especial - Gravata,Chalé Especial,10,15556.05,14,1111.15,44,45.16,501.81
2025-12,40,Mirante Luxo - 7,Mirante Luxo,13,15165.37,17,892.08,30,54.84,489.21
2025-12,38,Mirante Luxo - 5,Mirante Luxo,10,9850.05,15,656.67,21,48.39,317.74
2025-12,24,Chalé Especial - Graviola,Chalé Especial,7,9027.03,10,902.7,32,32.26,291.19
2025-12,29,Mirante Premium 11,Mirante Premium,9,8952.4,11,813.85,18,35.48,288.79
2025-12,31,Mirante Premium 13,Mirante Premium,9,8907.7,11,809.79,18,35.48,287.35
2025-12,32,Mirante Premium 14,Mirante Premium,6,8806.22,9,978.47,12,29.03,284.07
2025-12,34,Mirante Luxo - 1,Mirante Luxo,6,8752.05,7,1250.29,14,22.58,282.32
2025-12,10,Chalé Master - Acerola,Chalé Master,11,8375.56,15,558.37,26,48.39,270.18
2025-12,41,Mirante Luxo - 8,Mirante Luxo,7,8356.18,12,696.35,15,38.71,269.55
2025-12,20,Chalé Luxo - Caju,Chalé Luxo,12,7723.94,14,551.71,26,45.16,249.16
2025-12,48,Chalé da Mata,Chalé da Mata,3,7381.1,3,2460.37,12,9.68,238.1
2025-12,15,Chalé Master - Jabuticaba,Chalé Master,12,7069.12,12,589.09,29,38.71,228.04
2025-12,39,Mirante Luxo - 6,Mirante Luxo,7,6768.82,8,846.1,15,25.81,218.35
2025-12,27,Mirante Premium 9,Mirante Premium,5,6540.14,7,934.31,10,22.58,210.97
2025-12,16,Chalé Master - Manga,Chalé Master,9,6227.02,12,518.92,20,38.71,200.87
2025-12,11,Chalé Master - Araça,Chalé Master,9,6116.5,14,436.89,20,45.16,197.31
2025-12,12,Chalé Master - Cajá,Chalé Master,8,5721.19,9,635.69,17,29.03,184.55
2025-12,30,Mirante Premium 12,Mirante Premium,8,5655.74,10,565.57,16,32.26,182.44
2025-12,14,Chalé Master - Goiaba,Chalé Master,7,5536.71,9,615.19,16,29.03,178.6
2025-12,44,Lago - 3,Lago,10,5325.61,13,409.66,19,41.94,171.79
2025-12,17,Chalé Master - Uva,Chalé Master,6,4737.27,11,430.66,12,35.48,152.82
2025-12,25,Mirante Premium Black,Mirante Premium Black,4,4436.94,5,887.39,7,16.13,143.13
2025-12,21,Chalé Luxo - Mangaba,Chalé Luxo,6,4428.98,7,632.71,12,22.58,142.87
2025-12,35,Mirante Luxo - 2,Mirante Luxo,5,4415.48,6,735.91,11,19.35,142.43
2025-12,37,Mirante Luxo - 4,Mirante Luxo,4,4415.08,5,883.02,9,16.13,142.42
2025-12,22,Chalé Luxo - Pequi,Chalé Luxo,6,4021.23,6,670.21,14,19.35,129.72
2025-12,33,Chalê Premium,Chalê Premium,5,3933.43,6,655.57,10,19.35,126.88
2025-12,36,Mirante Luxo - 3,Mirante Luxo,4,3871.88,4,967.97,9,12.9,124.9
2025-12,13,Chalé Master - Carambola,Chalé Master,6,3864.75,8,483.09,14,25.81,124.67
2025-12,9,Suíte - 11,Suíte,3,3646.18,4,911.55,6,12.9,117.62
2025-12,18,Chalé Master - Vovo 1,Chalé Master - Vovo,6,3560.76,8,445.1,13,25.81,114.86
2025-12,28,Mirante Premium 10,Mirante Premium,4,3359.9,4,839.98,9,12.9,108.38
2025-12,26,Mirante Premium White,Mirante Premium White,4,2910.63,5,582.13,8,16.13,93.89
2025-12,42,Lago - 1,Lago,7,2832.62,7,404.66,15,22.58,91.37
2025-12,45,Lago - 4,Lago,6,2708.03,7,386.86,12,22.58,87.36
2025-12,43,Lago - 2,Lago,6,2548.02,6,424.67,12,19.35,82.19
2025-12,4,Suíte - 6,Suíte,4,2365.02,6,394.17,8,19.35,76.29
2025-12,8,Suíte - 10,Suíte,4,2117.72,4,529.43,8,12.9,68.31
2025-12,2,Suíte - 3,Suíte,3,1732.35,3,577.45,6,9.68,55.88
2025-12,6,Suíte - 8,Suíte,2,1668.43,4,417.11,4,12.9,53.82
2025-12,19,Chalé Master - Vovo 2,Chalé Master - Vovo,3,1490.81,3,496.94,7,9.68,48.09
2025-12,3,Suíte - 5,Suíte,1,1416.96,1,1416.96,2,3.23,45.71
2025-12,7,Suíte - 9,Suíte,1,1294.81,3,431.6,2,9.68,41.77
2025-12,1,Suíte - 1,Suíte,4,1234.34,4,308.59,6,12.9,39.82
2025-12,5,Suíte - 7,Suíte,2,460.98,2,230.49,3,6.45,14.87
2025-12,46,Lago - 5,Lago,0,0,0,0,0,0,0
2025-12,47,Lago - Loft,Lago,0,0,0,0,0,0,0
2026-01,40,Mirante Luxo - 7,Mirante Luxo,13,15788.74,18,877.15,31,58.06,509.31
2026-01,48,Chalé da Mata,Chalé da Mata,10,13908.04,15,927.2,34,48.39,448.65
2026-01,23,Chalé Especial - Gravata,Chalé Especial,9,13192.03,12,1099.34,38,38.71,425.55
2026-01,41,Mirante Luxo - 8,Mirante Luxo,13,12742.1,15,849.47,29,48.39,411.04
2026-01,29,Mirante Premium 11,Mirante Premium,10,11738.33,13,902.95,21,41.94,378.66
2026-01,30,Mirante Premium 12,Mirante Premium,8,11736.07,13,902.77,16,41.94,378.58
2026-01,34,Mirante Luxo - 1,Mirante Luxo,13,11615.27,14,829.66,26,45.16,374.69
2026-01,24,Chalé Especial - Graviola,Chalé Especial,10,11469.03,13,882.23,42,41.94,369.97
2026-01,35,Mirante Luxo - 2,Mirante Luxo,8,10901.88,13,838.61,17,41.94,351.67
2026-01,16,Chalé Master - Manga,Chalé Master,12,10511.27,19,553.22,30,61.29,339.07
2026-01,13,Chalé Master - Carambola,Chalé Master,10,10417.47,20,520.87,25,64.52,336.05
2026-01,38,Mirante Luxo - 5,Mirante Luxo,10,10054.93,11,914.08,21,35.48,324.35
2026-01,27,Mirante Premium 9,Mirante Premium,10,9392.59,10,939.26,21,32.26,302.99
2026-01,20,Chalé Luxo - Caju,Chalé Luxo,10,8639.21,15,575.95,22,48.39,278.68
2026-01,39,Mirante Luxo - 6,Mirante Luxo,7,8233.37,9,914.82,16,29.03,265.59
2026-01,31,Mirante Premium 13,Mirante Premium,7,8214.48,9,912.72,14,29.03,264.98
2026-01,21,Chalé Luxo - Mangaba,Chalé Luxo,12,8184.54,15,545.64,24,48.39,264.02
2026-01,36,Mirante Luxo - 3,Mirante Luxo,10,7850.66,10,785.07,21,32.26,253.25
2026-01,11,Chalé Master - Araça,Chalé Master,9,7710.67,14,550.76,21,45.16,248.73
2026-01,22,Chalé Luxo - Pequi,Chalé Luxo,12,7617.73,14,544.12,32,45.16,245.73
2026-01,32,Mirante Premium 14,Mirante Premium,6,7507.89,8,938.49,12,25.81,242.19
2026-01,10,Chalé Master - Acerola,Chalé Master,10,7431.66,14,530.83,27,45.16,239.73
2026-01,12,Chalé Master - Cajá,Chalé Master,12,7374.6,16,460.91,26,51.61,237.89
2026-01,15,Chalé Master - Jabuticaba,Chalé Master,12,7293.28,15,486.22,28,48.39,235.27
2026-01,44,Lago - 3,Lago,9,6921.64,14,494.4,16,45.16,223.28
2026-01,19,Chalé Master - Vovo 2,Chalé Master - Vovo,9,6487.28,16,405.46,20,51.61,209.27
2026-01,28,Mirante Premium 10,Mirante Premium,6,5979.18,7,854.17,13,22.58,192.88
2026-01,18,Chalé Master - Vovo 1,Chalé Master - Vovo,11,5727.06,15,381.8,23,48.39,184.74
2026-01,37,Mirante Luxo - 4,Mirante Luxo,7,5612.01,7,801.72,16,22.58,181.03
2026-01,3,Suíte - 5,Suíte,6,5142.19,9,571.35,12,29.03,165.88
2026-01,17,Chalé Master - Uva,Chalé Master,9,4855.25,11,441.39,20,35.48,156.62
2026-01,26,Mirante Premium White,Mirante Premium White,5,4519.18,6,753.2,10,19.35,145.78
2026-01,25,Mirante Premium Black,Mirante Premium Black,4,4405.8,4,1101.45,8,12.9,142.12
2026-01,47,Lago - Loft,Lago,4,4366.5,5,873.3,12,16.13,140.85
2026-01,45,Lago - 4,Lago,6,4157.25,9,461.92,12,29.03,134.1
2026-01,8,Suíte - 10,Suíte,5,3795.44,6,632.57,10,19.35,122.43
2026-01,43,Lago - 2,Lago,8,3709.92,9,412.21,15,29.03,119.67
2026-01,14,Chalé Master - Goiaba,Chalé Master,8,3692.53,8,461.57,18,25.81,119.11
2026-01,33,Chalê Premium,Chalê Premium,4,3679.13,4,919.78,10,12.9,118.68
2026-01,6,Suíte - 8,Suíte,4,3291.54,6,548.59,10,19.35,106.18
2026-01,5,Suíte - 7,Suíte,7,2981.21,7,425.89,13,22.58,96.17
2026-01,7,Suíte - 9,Suíte,5,2690.02,5,538,10,16.13,86.77
2026-01,1,Suíte - 1,Suíte,4,2408.15,5,481.63,8,16.13,77.68
2026-01,2,Suíte - 3,Suíte,3,2350.32,4,587.58,6,12.9,75.82
2026-01,42,Lago - 1,Lago,4,2249.69,4,562.42,8,12.9,72.57
2026-01,9,Suíte - 11,Suíte,4,2172.14,5,434.43,8,16.13,70.07
2026-01,4,Suíte - 6,Suíte,3,1379.55,3,459.85,6,9.68,44.5
2026-01,46,Lago - 5,Lago,0,0,0,0,0,0,0
2026-02,29,Mirante Premium 11,Mirante Premium,11,11868.13,14,847.72,26,50,423.86
2026-02,39,Mirante Luxo - 6,Mirante Luxo,8,11373.2,10,1137.32,18,35.71,406.19
2026-02,40,Mirante Luxo - 7,Mirante Luxo,12,11339.5,16,708.72,25,57.14,404.98
2026-02,41,Mirante Luxo - 8,Mirante Luxo,12,10635.85,13,818.14,24,46.43,379.85
2026-02,36,Mirante Luxo - 3,Mirante Luxo,9,9671.8,10,967.18,19,35.71,345.42
2026-02,38,Mirante Luxo - 5,Mirante Luxo,9,9479.5,12,789.96,19,42.86,338.55
2026-02,34,Mirante Luxo - 1,Mirante Luxo,9,8075.97,10,807.6,17,35.71,288.43
2026-02,48,Chalé da Mata,Chalé da Mata,5,8037.8,6,1339.63,18,21.43,287.06
2026-02,11,Chalé Master - Araça,Chalé Master,8,7914.28,15,527.62,17,53.57,282.65
2026-02,35,Mirante Luxo - 2,Mirante Luxo,9,7879.28,11,716.3,18,39.29,281.4
2026-02,23,Chalé Especial - Gravata,Chalé Especial,5,7840.15,6,1306.69,27,21.43,280.01
2026-02,30,Mirante Premium 12,Mirante Premium,10,7298.99,11,663.54,20,39.29,260.68
2026-02,37,Mirante Luxo - 4,Mirante Luxo,6,5732.2,7,818.89,12,25,204.72
2026-02,32,Mirante Premium 14,Mirante Premium,6,5647.09,6,941.18,13,21.43,201.68
2026-02,16,Chalé Master - Manga,Chalé Master,7,5422.4,10,542.24,18,35.71,193.66
2026-02,20,Chalé Luxo - Caju,Chalé Luxo,6,5277.87,8,659.73,13,28.57,188.5
2026-02,15,Chalé Master - Jabuticaba,Chalé Master,8,5212.7,11,473.88,17,39.29,186.17
2026-02,27,Mirante Premium 9,Mirante Premium,7,5153.92,7,736.27,15,25,184.07
2026-02,13,Chalé Master - Carambola,Chalé Master,6,5023.75,9,558.19,14,32.14,179.42
2026-02,47,Lago - Loft,Lago,4,4823.5,4,1205.88,14,14.29,172.27
2026-02,18,Chalé Master - Vovo 1,Chalé Master - Vovo,7,4685.05,8,585.63,18,28.57,167.32
2026-02,31,Mirante Premium 13,Mirante Premium,5,4572.6,6,762.1,11,21.43,163.31
2026-02,25,Mirante Premium Black,Mirante Premium Black,4,4562.39,4,1140.6,8,14.29,162.94
2026-02,17,Chalé Master - Uva,Chalé Master,8,4216.25,10,421.63,15,35.71,150.58
2026-02,8,Suíte - 10,Suíte,4,4112.84,9,456.98,6,32.14,146.89
2026-02,21,Chalé Luxo - Mangaba,Chalé Luxo,6,4071.35,7,581.62,15,25,145.41
2026-02,14,Chalé Master - Goiaba,Chalé Master,5,4014.37,7,573.48,11,25,143.37
2026-02,12,Chalé Master - Cajá,Chalé Master,6,3793.6,7,541.94,15,25,135.49
2026-02,28,Mirante Premium 10,Mirante Premium,2,3788.92,4,947.23,4,14.29,135.32
2026-02,10,Chalé Master - Acerola,Chalé Master,7,3424.4,8,428.05,15,28.57,122.3
2026-02,22,Chalé Luxo - Pequi,Chalé Luxo,5,3276.33,6,546.06,13,21.43,117.01
2026-02,19,Chalé Master - Vovo 2,Chalé Master - Vovo,4,3038.49,5,607.7,10,17.86,108.52
2026-02,44,Lago - 3,Lago,5,3002.65,6,500.44,10,21.43,107.24
2026-02,43,Lago - 2,Lago,4,2966.1,6,494.35,8,21.43,105.93
2026-02,26,Mirante Premium White,Mirante Premium White,2,2366.6,2,1183.3,4,7.14,84.52
2026-02,6,Suíte - 8,Suíte,5,2242.31,6,373.72,8,21.43,80.08
2026-02,45,Lago - 4,Lago,3,2072.95,4,518.24,6,14.29,74.03
2026-02,2,Suíte - 3,Suíte,3,1982.75,4,495.69,6,14.29,70.81
2026-02,3,Suíte - 5,Suíte,3,1258.57,4,314.64,5,14.29,44.95
2026-02,1,Suíte - 1,Suíte,2,1165.45,2,582.73,4,7.14,41.62
2026-02,24,Chalé Especial - Graviola,Chalé Especial,2,1124.35,2,562.18,7,7.14,40.16
2026-02,42,Lago - 1,Lago,1,996.32,2,498.16,2,7.14,35.58
2026-02,46,Lago - 5,Lago,1,996.32,2,498.16,2,7.14,35.58
2026-02,4,Suíte - 6,Suíte,2,748.25,2,374.13,4,7.14,26.72
2026-02,9,Suíte - 11,Suíte,1,568.75,1,568.75,2,3.57,20.31
2026-02,5,Suíte - 7,Suíte,1,356.2,1,356.2,2,3.57,12.72
2026-02,7,Suíte - 9,Suíte,0,0,0,0,0,0,0
2026-02,33,Chalê Premium,Chalê Premium,0,0,0,0,0,0,0
2026-03,48,Chalé da Mata,Chalé da Mata,5,15301.53,10,1530.15,15,32.26,493.6
2026-03,40,Mirante Luxo - 7,Mirante Luxo,13,12708.83,19,668.89,27,61.29,409.96
2026-03,39,Mirante Luxo - 6,Mirante Luxo,12,11355.14,15,757.01,24,48.39,366.29
2026-03,41,Mirante Luxo - 8,Mirante Luxo,13,9925.45,17,583.85,28,54.84,320.18
2026-03,32,Mirante Premium 14,Mirante Premium,7,9420.01,9,1046.67,14,29.03,303.87
2026-03,47,Lago - Loft,Lago,2,9257,4,2314.25,8,12.9,298.61
2026-03,27,Mirante Premium 9,Mirante Premium,7,8689.53,10,868.95,14,32.26,280.31
2026-03,30,Mirante Premium 12,Mirante Premium,6,8464.15,12,705.35,12,38.71,273.04
2026-03,28,Mirante Premium 10,Mirante Premium,4,7980.14,7,1140.02,8,22.58,257.42
2026-03,38,Mirante Luxo - 5,Mirante Luxo,8,7621.91,11,692.9,17,35.48,245.87
2026-03,44,Lago - 3,Lago,6,7585.32,16,474.08,12,51.61,244.69
2026-03,36,Mirante Luxo - 3,Mirante Luxo,8,7516.5,11,683.32,18,35.48,242.47
2026-03,34,Mirante Luxo - 1,Mirante Luxo,9,7172.71,11,652.06,18,35.48,231.38
2026-03,29,Mirante Premium 11,Mirante Premium,8,7169.55,10,716.96,17,32.26,231.28
2026-03,31,Mirante Premium 13,Mirante Premium,5,6993.3,8,874.16,11,25.81,225.59
2026-03,20,Chalé Luxo - Caju,Chalé Luxo,7,6816.68,11,619.7,16,35.48,219.89
2026-03,11,Chalé Master - Araça,Chalé Master,9,6803.47,21,323.97,17,67.74,219.47
2026-03,26,Mirante Premium White,Mirante Premium White,4,6621.55,7,945.94,8,22.58,213.6
2026-03,35,Mirante Luxo - 2,Mirante Luxo,9,6593.65,10,659.37,20,32.26,212.7
2026-03,25,Mirante Premium Black,Mirante Premium Black,4,6330.04,7,904.29,9,22.58,204.19
2026-03,15,Chalé Master - Jabuticaba,Chalé Master,11,6260.6,16,391.29,18,51.61,201.95
2026-03,10,Chalé Master - Acerola,Chalé Master,11,5977.09,16,373.57,25,51.61,192.81
2026-03,12,Chalé Master - Cajá,Chalé Master,10,5809.15,12,484.1,23,38.71,187.39
2026-03,16,Chalé Master - Manga,Chalé Master,8,5528.19,12,460.68,15,38.71,178.33
2026-03,21,Chalé Luxo - Mangaba,Chalé Luxo,6,4796.09,9,532.9,12,29.03,154.71
2026-03,17,Chalé Master - Uva,Chalé Master,8,4740.1,10,474.01,16,32.26,152.91
2026-03,13,Chalé Master - Carambola,Chalé Master,8,4537.46,10,453.75,15,32.26,146.37
2026-03,19,Chalé Master - Vovo 2,Chalé Master - Vovo,6,4411.56,8,551.45,11,25.81,142.31
2026-03,33,Chalê Premium,Chalê Premium,4,4251.15,6,708.53,8,19.35,137.13
2026-03,37,Mirante Luxo - 4,Mirante Luxo,4,4015.79,5,803.16,7,16.13,129.54
2026-03,22,Chalé Luxo - Pequi,Chalé Luxo,5,3952.1,7,564.59,11,22.58,127.49
2026-03,23,Chalé Especial - Gravata,Chalé Especial,5,3769.12,5,753.82,17,16.13,121.58
2026-03,42,Lago - 1,Lago,5,3740.46,6,623.41,9,19.35,120.66
2026-03,14,Chalé Master - Goiaba,Chalé Master,7,3535.12,9,392.79,13,29.03,114.04
2026-03,24,Chalé Especial - Graviola,Chalé Especial,3,3347.08,7,478.15,11,22.58,107.97
2026-03,18,Chalé Master - Vovo 1,Chalé Master - Vovo,5,3243.93,7,463.42,10,22.58,104.64
2026-03,45,Lago - 4,Lago,5,3218.37,6,536.4,10,19.35,103.82
2026-03,2,Suíte - 3,Suíte,4,3190.03,8,398.75,8,25.81,102.9
2026-03,3,Suíte - 5,Suíte,4,2991.39,7,427.34,8,22.58,96.5
2026-03,6,Suíte - 8,Suíte,4,2963.19,7,423.31,7,22.58,95.59
2026-03,43,Lago - 2,Lago,3,2799.73,6,466.62,6,19.35,90.31
2026-03,8,Suíte - 10,Suíte,4,2734.88,6,455.81,8,19.35,88.22
2026-03,4,Suíte - 6,Suíte,4,2614.34,6,435.72,7,19.35,84.33
2026-03,1,Suíte - 1,Suíte,3,2609.18,7,372.74,6,22.58,84.17
2026-03,5,Suíte - 7,Suíte,4,2507.41,6,417.9,8,19.35,80.88
2026-03,9,Suíte - 11,Suíte,3,2170.31,5,434.06,7,16.13,70.01
2026-03,7,Suíte - 9,Suíte,2,1133.96,3,377.99,4,9.68,36.58
2026-03,46,Lago - 5,Lago,1,547.97,1,547.97,2,3.23,17.68
2026-04,41,Mirante Luxo - 8,Mirante Luxo,13,13604.04,17,800.24,31,56.67,453.47
2026-04,40,Mirante Luxo - 7,Mirante Luxo,14,12884.39,18,715.8,32,60,429.48
2026-04,47,Lago - Loft,Lago,6,11557.49,11,1050.68,20,36.67,385.25
2026-04,32,Mirante Premium 14,Mirante Premium,10,10051.89,14,717.99,20,46.67,335.06
2026-04,39,Mirante Luxo - 6,Mirante Luxo,11,9753.9,13,750.3,28,43.33,325.13
2026-04,38,Mirante Luxo - 5,Mirante Luxo,9,9511.14,13,731.63,19,43.33,317.04
2026-04,30,Mirante Premium 12,Mirante Premium,8,9068.75,11,824.43,17,36.67,302.29
2026-04,24,Chalé Especial - Graviola,Chalé Especial,6,9056.41,9,1006.27,25,30,301.88
2026-04,37,Mirante Luxo - 4,Mirante Luxo,10,8829.99,11,802.73,22,36.67,294.33
2026-04,23,Chalé Especial - Gravata,Chalé Especial,6,8823.58,9,980.4,25,30,294.12
2026-04,29,Mirante Premium 11,Mirante Premium,12,8491.06,14,606.5,24,46.67,283.04
2026-04,35,Mirante Luxo - 2,Mirante Luxo,10,8379.5,11,761.77,21,36.67,279.32
2026-04,28,Mirante Premium 10,Mirante Premium,11,7892.42,14,563.74,22,46.67,263.08
2026-04,27,Mirante Premium 9,Mirante Premium,9,7569.78,10,756.98,18,33.33,252.33
2026-04,25,Mirante Premium Black,Mirante Premium Black,8,6946.8,9,771.87,16,30,231.56
2026-04,31,Mirante Premium 13,Mirante Premium,10,6840.52,13,526.19,22,43.33,228.02
2026-04,36,Mirante Luxo - 3,Mirante Luxo,8,6781.29,9,753.48,16,30,226.04
2026-04,48,Chalé da Mata,Chalé da Mata,4,6553.73,5,1310.75,14,16.67,218.46
2026-04,21,Chalé Luxo - Mangaba,Chalé Luxo,10,6529.67,12,544.14,24,40,217.66
2026-04,34,Mirante Luxo - 1,Mirante Luxo,8,6458.55,9,717.62,17,30,215.29
2026-04,19,Chalé Master - Vovo 2,Chalé Master - Vovo,9,5991.22,13,460.86,17,43.33,199.71
2026-04,13,Chalé Master - Carambola,Chalé Master,8,5582.5,12,465.21,18,40,186.08
2026-04,26,Mirante Premium White,Mirante Premium White,5,5422.9,8,677.86,10,26.67,180.76
2026-04,15,Chalé Master - Jabuticaba,Chalé Master,9,5092.66,12,424.39,23,40,169.76
2026-04,10,Chalé Master - Acerola,Chalé Master,10,4819.56,11,438.14,22,36.67,160.65
2026-04,14,Chalé Master - Goiaba,Chalé Master,8,4661.18,8,582.65,22,26.67,155.37
2026-04,17,Chalé Master - Uva,Chalé Master,7,4565.73,9,507.3,13,30,152.19
2026-04,33,Chalê Premium,Chalê Premium,5,4444.7,7,634.96,10,23.33,148.16
2026-04,2,Suíte - 3,Suíte,7,4430.36,9,492.26,14,30,147.68
2026-04,1,Suíte - 1,Suíte,7,4232.72,9,470.3,14,30,141.09
2026-04,44,Lago - 3,Lago,5,4172.97,8,521.62,9,26.67,139.1
2026-04,11,Chalé Master - Araça,Chalé Master,10,4127.85,10,412.79,19,33.33,137.6
2026-04,18,Chalé Master - Vovo 1,Chalé Master - Vovo,6,3920.25,7,560.04,12,23.33,130.68
2026-04,16,Chalé Master - Manga,Chalé Master,8,3798.5,9,422.06,18,30,126.62
2026-04,22,Chalé Luxo - Pequi,Chalé Luxo,5,3711.59,6,618.6,13,20,123.72
2026-04,5,Suíte - 7,Suíte,6,3295.87,8,411.98,12,26.67,109.86
2026-04,12,Chalé Master - Cajá,Chalé Master,5,3163.05,6,527.18,13,20,105.44
2026-04,8,Suíte - 10,Suíte,5,2950.26,7,421.47,10,23.33,98.34
2026-04,20,Chalé Luxo - Caju,Chalé Luxo,8,2937.82,8,367.23,16,26.67,97.93
2026-04,9,Suíte - 11,Suíte,6,2876.15,6,479.36,12,20,95.87
2026-04,6,Suíte - 8,Suíte,5,2665.05,7,380.72,9,23.33,88.84
2026-04,45,Lago - 4,Lago,3,2540.28,4,635.07,6,13.33,84.68
2026-04,7,Suíte - 9,Suíte,5,2187.37,6,364.56,11,20,72.91
2026-04,42,Lago - 1,Lago,4,2068.65,4,517.16,8,13.33,68.96
2026-04,4,Suíte - 6,Suíte,4,2044.11,6,340.69,8,20,68.14
2026-04,3,Suíte - 5,Suíte,4,1990.2,5,398.04,8,16.67,66.34
2026-04,43,Lago - 2,Lago,3,1514.09,3,504.7,7,10,50.47
2026-04,46,Lago - 5,Lago,3,1477.66,3,492.55,6,10,49.26
2026-05,40,Mirante Luxo - 7,Mirante Luxo,14,13109.5,19,689.97,32,61.29,422.89
2026-05,39,Mirante Luxo - 6,Mirante Luxo,12,11981.96,15,798.8,26,48.39,386.51
2026-05,35,Mirante Luxo - 2,Mirante Luxo,17,11774.91,19,619.73,38,61.29,379.84
2026-05,34,Mirante Luxo - 1,Mirante Luxo,14,11384.15,15,758.94,31,48.39,367.23
2026-05,31,Mirante Premium 13,Mirante Premium,11,10755.68,18,597.54,20,58.06,346.96
2026-05,41,Mirante Luxo - 8,Mirante Luxo,14,10154.91,17,597.35,33,54.84,327.58
2026-05,23,Chalé Especial - Gravata,Chalé Especial,8,9986.26,11,907.84,34,35.48,322.14
2026-05,29,Mirante Premium 11,Mirante Premium,15,9307.86,18,517.1,31,58.06,300.25
2026-05,38,Mirante Luxo - 5,Mirante Luxo,13,9155.81,16,572.24,28,51.61,295.35
2026-05,37,Mirante Luxo - 4,Mirante Luxo,14,8952.82,15,596.85,29,48.39,288.8
2026-05,48,Chalé da Mata,Chalé da Mata,5,8875.13,7,1267.88,15,22.58,286.29
2026-05,27,Mirante Premium 9,Mirante Premium,9,8279.63,15,551.98,20,48.39,267.08
2026-05,30,Mirante Premium 12,Mirante Premium,8,7197.28,11,654.3,15,35.48,232.17
2026-05,33,Chalê Premium,Chalê Premium,9,7106.71,9,789.63,18,29.03,229.25
2026-05,13,Chalé Master - Carambola,Chalé Master,10,6810.29,13,523.87,24,41.94,219.69
2026-05,36,Mirante Luxo - 3,Mirante Luxo,9,6461,10,646.1,21,32.26,208.42
2026-05,10,Chalé Master - Acerola,Chalé Master,11,6222.29,13,478.64,25,41.94,200.72
2026-05,32,Mirante Premium 14,Mirante Premium,10,6069.08,13,466.85,19,41.94,195.78
2026-05,25,Mirante Premium Black,Mirante Premium Black,8,5848.22,13,449.86,15,41.94,188.65
2026-05,26,Mirante Premium White,Mirante Premium White,7,5641.89,12,470.16,13,38.71,182
2026-05,47,Lago - Loft,Lago,4,5312.11,4,1328.03,12,12.9,171.36
2026-05,21,Chalé Luxo - Mangaba,Chalé Luxo,9,5271.08,11,479.19,21,35.48,170.03
2026-05,28,Mirante Premium 10,Mirante Premium,9,5181.3,10,518.13,16,32.26,167.14
2026-05,17,Chalé Master - Uva,Chalé Master,9,4972,11,452,19,35.48,160.39
2026-05,42,Lago - 1,Lago,7,4713.87,8,589.23,14,25.81,152.06
2026-05,24,Chalé Especial - Graviola,Chalé Especial,5,4706.84,5,941.37,24,16.13,151.83
2026-05,15,Chalé Master - Jabuticaba,Chalé Master,10,4455.84,11,405.08,21,35.48,143.74
2026-05,18,Chalé Master - Vovo 1,Chalé Master - Vovo,9,4166.38,11,378.76,19,35.48,134.4
2026-05,11,Chalé Master - Araça,Chalé Master,11,3846.09,12,320.51,23,38.71,124.07
2026-05,20,Chalé Luxo - Caju,Chalé Luxo,7,3726.59,9,414.07,16,29.03,120.21
2026-05,44,Lago - 3,Lago,6,3559.65,8,444.96,13,25.81,114.83
2026-05,14,Chalé Master - Goiaba,Chalé Master,12,3531.37,12,294.28,26,38.71,113.92
2026-05,22,Chalé Luxo - Pequi,Chalé Luxo,9,3341.51,9,371.28,19,29.03,107.79
2026-05,4,Suíte - 6,Suíte,9,3268.15,10,326.82,18,32.26,105.42
2026-05,5,Suíte - 7,Suíte,7,3157.56,9,350.84,14,29.03,101.86
2026-05,1,Suíte - 1,Suíte,9,3081.1,10,308.11,18,32.26,99.39
2026-05,16,Chalé Master - Manga,Chalé Master,10,2989.64,11,271.79,20,35.48,96.44
2026-05,7,Suíte - 9,Suíte,7,2977.02,7,425.29,14,22.58,96.03
2026-05,12,Chalé Master - Cajá,Chalé Master,7,2968.86,7,424.12,15,22.58,95.77
2026-05,19,Chalé Master - Vovo 2,Chalé Master - Vovo,7,2887.02,7,412.43,16,22.58,93.13
2026-05,6,Suíte - 8,Suíte,5,2873.6,10,287.36,9,32.26,92.7
2026-05,2,Suíte - 3,Suíte,7,2668.67,12,222.39,13,38.71,86.09
2026-05,46,Lago - 5,Lago,4,2590.75,5,518.15,8,16.13,83.57
2026-05,43,Lago - 2,Lago,4,2492.67,5,498.53,8,16.13,80.41
2026-05,9,Suíte - 11,Suíte,6,2023.08,6,337.18,12,19.35,65.26
2026-05,45,Lago - 4,Lago,4,1704.96,5,340.99,8,16.13,55
2026-05,3,Suíte - 5,Suíte,3,1649.5,5,329.9,6,16.13,53.21
2026-05,8,Suíte - 10,Suíte,2,660.55,2,330.28,4,6.45,21.31
2026-06,39,Mirante Luxo - 6,Mirante Luxo,11,10267.64,14,733.4,29,56,410.71
2026-06,47,Lago - Loft,Lago,5,10137,6,1689.5,16,24,405.48
2026-06,36,Mirante Luxo - 3,Mirante Luxo,10,9951.56,13,765.5,25,52,398.06
2026-06,38,Mirante Luxo - 5,Mirante Luxo,11,9477.08,14,676.93,24,56,379.08
2026-06,41,Mirante Luxo - 8,Mirante Luxo,9,8553.99,12,712.83,22,48,342.16
2026-06,32,Mirante Premium 14,Mirante Premium,8,8001.63,13,615.51,18,52,320.07
2026-06,34,Mirante Luxo - 1,Mirante Luxo,9,7624.25,10,762.43,19,40,304.97
2026-06,40,Mirante Luxo - 7,Mirante Luxo,7,7266.8,12,605.57,16,48,290.67
2026-06,29,Mirante Premium 11,Mirante Premium,7,6649.2,11,604.47,15,44,265.97
2026-06,37,Mirante Luxo - 4,Mirante Luxo,6,6258.95,7,894.14,13,28,250.36
2026-06,31,Mirante Premium 13,Mirante Premium,6,5700.54,8,712.57,12,32,228.02
2026-06,30,Mirante Premium 12,Mirante Premium,7,5608.2,9,623.13,15,36,224.33
2026-06,21,Chalé Luxo - Mangaba,Chalé Luxo,6,5189.15,8,648.64,13,32,207.57
2026-06,23,Chalé Especial - Gravata,Chalé Especial,5,5139.8,8,642.48,18,32,205.59
2026-06,48,Chalé da Mata,Chalé da Mata,2,5062,4,1265.5,7,16,202.48
2026-06,22,Chalé Luxo - Pequi,Chalé Luxo,7,5049.85,7,721.41,15,28,201.99
2026-06,15,Chalé Master - Jabuticaba,Chalé Master,11,4863.05,13,374.08,23,52,194.52
2026-06,10,Chalé Master - Acerola,Chalé Master,8,4722.51,11,429.32,16,44,188.9
2026-06,33,Chalê Premium,Chalê Premium,3,4711,5,942.2,7,20,188.44
2026-06,27,Mirante Premium 9,Mirante Premium,4,4629,7,661.29,10,28,185.16
2026-06,35,Mirante Luxo - 2,Mirante Luxo,6,4424,6,737.33,12,24,176.96
2026-06,17,Chalé Master - Uva,Chalé Master,8,4372.37,10,437.24,16,40,174.89
2026-06,16,Chalé Master - Manga,Chalé Master,6,4085.45,9,453.94,14,36,163.42
2026-06,13,Chalé Master - Carambola,Chalé Master,6,4044.5,9,449.39,14,36,161.78
2026-06,45,Lago - 4,Lago,5,3694.38,7,527.77,10,28,147.78
2026-06,14,Chalé Master - Goiaba,Chalé Master,5,3576.25,7,510.89,11,28,143.05
2026-06,24,Chalé Especial - Graviola,Chalé Especial,3,3492.5,5,698.5,14,20,139.7
2026-06,28,Mirante Premium 10,Mirante Premium,3,3417,5,683.4,8,20,136.68
2026-06,11,Chalé Master - Araça,Chalé Master,5,3407.25,7,486.75,10,28,136.29
2026-06,7,Suíte - 9,Suíte,7,3237.55,9,359.73,13,36,129.5
2026-06,18,Chalé Master - Vovo 1,Chalé Master - Vovo,6,3163.35,8,395.42,13,32,126.53
2026-06,5,Suíte - 7,Suíte,7,3149.2,9,349.91,13,36,125.97
2026-06,12,Chalé Master - Cajá,Chalé Master,4,2937,5,587.4,11,20,117.48
2026-06,44,Lago - 3,Lago,5,2881.21,6,480.2,10,24,115.25
2026-06,20,Chalé Luxo - Caju,Chalé Luxo,3,2811.05,5,562.21,7,20,112.44
2026-06,6,Suíte - 8,Suíte,6,2742.51,9,304.72,11,36,109.7
2026-06,26,Mirante Premium White,Mirante Premium White,4,2731.2,4,682.8,8,16,109.25
2026-06,42,Lago - 1,Lago,5,2627.05,5,525.41,10,20,105.08
2026-06,4,Suíte - 6,Suíte,5,2498.2,7,356.89,9,28,99.93
2026-06,3,Suíte - 5,Suíte,4,2453.7,7,350.53,8,28,98.15
2026-06,43,Lago - 2,Lago,5,2390.66,5,478.13,10,20,95.63
2026-06,25,Mirante Premium Black,Mirante Premium Black,2,2241.75,4,560.44,4,16,89.67
2026-06,2,Suíte - 3,Suíte,4,1933.18,6,322.2,8,24,77.33
2026-06,9,Suíte - 11,Suíte,3,1858.33,5,371.67,5,20,74.33
2026-06,19,Chalé Master - Vovo 2,Chalé Master - Vovo,3,1672.12,3,557.37,7,12,66.88
2026-06,46,Lago - 5,Lago,2,1590.26,2,795.13,4,8,63.61
2026-06,8,Suíte - 10,Suíte,3,1442,5,288.4,5,20,57.68
2026-06,1,Suíte - 1,Suíte,1,986,3,328.67,2,12,39.44